product_id,original_rating,review,sentiment,score,aspects,summary,action,analysis_status
B0014EUB28,1,"Box arrived on time.....all the cans were smashed opened. Soup all over the place, should charge for clean up cost!",negative,1,"[{""aspect"": ""packaging"", ""sentiment"": ""negative"", ""evidence"": ""cans were smashed opened""}, {""aspect"": ""delivery"", ""sentiment"": ""negative"", ""evidence"": ""Box arrived on time.....all the cans were smashed opened""}]","The delivery arrived on time but the packaging was damaged, spilling soup everywhere.",Improve packaging to prevent cans from breaking during transit.,success
B001652NBM,5,"Awesome cookies, always have been a fan and never disappointed. Amazon is truly the best when it comes to quality assurance and shipping speeds,... and everything else!",positive,5,"[{""aspect"": ""quality"", ""sentiment"": ""positive"", ""evidence"": ""quality assurance""}, {""aspect"": ""delivery"", ""sentiment"": ""positive"", ""evidence"": ""shipping speeds""}]",The customer loves the cookies and praises Amazon's quality and fast shipping.,none,success
B000UI39YG,1,"At this price, I was expecting 3 bottles; got a nasty surprise when 1 bottle got delivered. Amazon sells other brands of 3 bottles for the same price that taste just as good.",negative,2,"[{""aspect"": ""price"", ""sentiment"": ""negative"", ""evidence"": ""At this price, I was expecting 3 bottles""}, {""aspect"": ""quantity"", ""sentiment"": ""negative"", ""evidence"": ""expected 3 bottles; got ... 1 bottle""}]",Customer feels the price is unfair for the single bottle received.,Ensure the advertised quantity matches the price or adjust packaging to meet expectations.,success
B004G91Z5K,1,44 dollars for one can of corned beef.... are you crazy this is not a bad price for corned beef... but 40 dollars for postage.... you have got to be kidding.,mixed,2,"[{""aspect"": ""price"", ""sentiment"": ""positive"", ""evidence"": ""not a bad price for corned beef""}, {""aspect"": ""price"", ""sentiment"": ""negative"", ""evidence"": ""40 dollars for postage""}]","The product price seems reasonable, but the shipping cost is excessively high.",Review and reduce postage fees to improve customer satisfaction.,success
B001EO5X5S,3,"This soup is tasty and arrived just fine with one small dent on a can. I would expect a dent or two. The soup is not as good as I anticipated and I may not order it again. However, it is a very nice change for something different. I added fresh sauteed leeks to one can and it did wonders.",mixed,2,"[{""aspect"": ""taste"", ""sentiment"": ""positive"", ""evidence"": ""tasty""}, {""aspect"": ""quality"", ""sentiment"": ""negative"", ""evidence"": ""not as good as I anticipated""}, {""aspect"": ""packaging"", ""sentiment"": ""negative"", ""evidence"": ""one small dent on a can""}]",The soup tastes good but falls short in quality and has minor packaging issues.,Improve the recipe to meet taste expectations and ensure cans arrive without dents.,success
B0032GHM4G,5,"Bugles are a much more pleasant corn snack than even Fritos. A little taste of sweetness, thinner-walled chips, less salt, and completely deliciously crispy and scrumptious.",positive,5,"[{""aspect"": ""taste"", ""sentiment"": ""positive"", ""evidence"": ""a little taste of sweetness, less salt""}, {""aspect"": ""texture"", ""sentiment"": ""positive"", ""evidence"": ""thinner-walled chips, completely deliciously crispy and scrumptious""}]","The snack is praised for its sweet taste, low salt, and crispy texture.",none,success
B0009F3SDC,2,"I love yogi tea, pretty much every flavor I have tried. This tea tastes good but I have had no detox effects with this one. I've used the berry detox and that one really works well so I'm not sure why this tea is not the same. If you dont care about the detox part, the flavor is very pleasant and mild.",mixed,3,"[{""aspect"": ""taste"", ""sentiment"": ""positive"", ""evidence"": ""flavor is very pleasant and mild""}, {""aspect"": ""health"", ""sentiment"": ""negative"", ""evidence"": ""no detox effects with this one""}]",The tea tastes good but lacks the expected detox benefits.,Investigate and improve the detox efficacy of this tea variety.,success
B001ECVGKG,1,"It says that you will receive two 8oz packages of these. I only recieved a box with one 8oz bag. They're good quality :), but they lie and don't tell the truth about what your getting.",negative,2,"[{""aspect"": ""quantity"", ""sentiment"": ""negative"", ""evidence"": ""only recieved a box with one 8oz bag""}, {""aspect"": ""quality"", ""sentiment"": ""positive"", ""evidence"": ""They're good quality""}]",Product quality is good but the package quantity was misleading and incomplete.,Ensure packaging description matches the actual number of items shipped.,success
B001SAYJ4E,5,"I couldn't find the taste that I captured in my summers to Greece and Italy when I returned to the states, until I found Tassos one day in Sams Club. I became a devotee. Even after Sam's wasn't consistent with keeping it stocked, I could order it online. I eat it on a slices of a baguette with brie, camembert or chevre, with a dry white, gnocci, or on pizza, I love all of their Brushetta varieties. Its my treat to myself.",positive,5,"[{""aspect"": ""taste"", ""sentiment"": ""positive"", ""evidence"": ""I became a devotee... I love all of their Brushetta varieties""}, {""aspect"": ""availability"", ""sentiment"": ""negative"", ""evidence"": ""Sam's wasn't consistent with keeping it stocked, I could order it online""}]",Customer loves the taste but wishes the product were more consistently stocked.,Improve in-store stock consistency to meet demand.,success
B004XNZLEK,5,"All three of my dogs love these chicken breasts wrapped with liver, but the little one, a chihuahua mix, who turns his nose at all foods and treats will actually eat these treats. The fact that they have no additives and are from free range animals makes me feel better about this being his only meal some days.",positive,5,"[{""aspect"": ""taste"", ""sentiment"": ""positive"", ""evidence"": ""All three of my dogs love these chicken breasts""}, {""aspect"": ""ingredients"", ""sentiment"": ""positive"", ""evidence"": ""no additives and are from free range animals""}]","Dogs love the treats and the owner appreciates the additive‑free, free‑range ingredients.",none,success
B000ED7MDQ,3,We first had anasazi beans when an aunt brought them from New Mexico as a gift. Hers were from a local place and had much better flavor but it is ridiculously expensive to get the place to mail them to us (guess they haven't found out about flat rate boxes or something) so we tried these. They are good enough but we will probably wait to get more until our aunt comes to visit again.,mixed,3,"[{""aspect"": ""price"", ""sentiment"": ""negative"", ""evidence"": ""ridiculously expensive to get the place to mail them""}, {""aspect"": ""taste"", ""sentiment"": ""positive"", ""evidence"": ""They are good enough""}]",The beans are acceptable but shipping costs are too high.,Consider offering flat‑rate or reduced shipping options to improve affordability.,success
B00166D8TW,3,"I use this as a whey/soy protein alternative. I am allergic to soy and have sensitivity to whey and this product seems to be free of both. I actually haven't used it as a shake, but I use it to make protein pancakes. I find I have to add extra cocoa powder to make it more chocolatey and stevia to make it more sweet. At first I came out with some really awful pancakes, but after I found the perfect ingredients to doctor it up, they all come out amazing!!! So if your looking for an alternative to whey and soy, I definitely think this is a good choice!",positive,4,"[{""aspect"": ""taste"", ""sentiment"": ""positive"", ""evidence"": ""they all come out amazing""}, {""aspect"": ""health"", ""sentiment"": ""positive"", ""evidence"": ""free of both""}, {""aspect"": ""ease_of_use"", ""sentiment"": ""negative"", ""evidence"": ""At first I came out with some really awful pancakes""}]",The product works well as a whey/soy alternative once you adjust the recipe.,Provide suggested recipe tweaks or a pre‑flavored version to reduce the need for extra cocoa and stevia.,success
B000PDY3P0,4,This is about a close to theater popcorn without having to go to the movies. Having all the ingredients in a single packet makes this a pretty simple process.,neutral,3,"[{""aspect"": ""ingredients"", ""sentiment"": ""neutral"", ""evidence"": ""Having all the ingredients in a single packet""}, {""aspect"": ""ease_of_use"", ""sentiment"": ""positive"", ""evidence"": ""pretty simple process""}]",The product offers theater-style popcorn in a convenient single packet with a simple process.,none,success
B002F914G8,2,It was smaller than I thought and one of the bamboos was yellow and died. I was disappointed and did not feel luck.,negative,2,"[{""aspect"": ""quantity"", ""sentiment"": ""negative"", ""evidence"": ""smaller than I thought""}, {""aspect"": ""quality"", ""sentiment"": ""negative"", ""evidence"": ""one of the bamboos was yellow and died""}]","The product was smaller than expected and had a dead bamboo, leading to disappointment.",Improve quality control to ensure all bamboo pieces are healthy and meet size expectations.,success
B000GAZ0QI,1,This candy was so bad that I tried to give it away. Having trouble finding anyone who will eat it.,negative,1,"[{""aspect"": ""taste"", ""sentiment"": ""negative"", ""evidence"": ""candy was so bad""}]","The candy's taste was terrible, making it unappealing to anyone.",Improve the candy's flavor to enhance taste.,success
B004LL7AL6,2,I've tried a few dry foods and my two cats refuse to touch this dry food. I try mixing it with their old food and they just pick out old bits and leave in the new food. I finally gave in and gave my cat some canned wet food. One of my cats was so hungry that he kept head butting my other at away from the food bowl I was filling up with the wet food. Major buyers regret at $3/lb :(,negative,1,"[{""aspect"": ""taste"", ""sentiment"": ""negative"", ""evidence"": ""cats refuse to touch this dry food""}, {""aspect"": ""price"", ""sentiment"": ""negative"", ""evidence"": ""Major buyers regret at $3/lb""}]",Cats reject the dry food and the price is considered too high.,Reformulate the dry food to improve palatability and consider lowering the price point.,success
B00474639C,1,"MY EDIT ON OCTOBER 12, 2012 - THE PRICE HAS BEEN UPDATED: Offered by ABC WHOLESALE Price: $19.00 SHIPPING: $22.00!!!! (jeez! wtf?) PLEASE BE AWARE!!!!!!!!!!!!!!!!!!!!!!!!! Previous review: Wtf? 6 for $34??? STOP! You can also get 12 for $34 on Amazon!! :/ Do not buy this unless you have diligently searched for the deal I usually buy (but unknowingly bought from a different link, ugh). I normally buy 12 boxes of this at $34! (and it is CHEAPER $31 if you auto-ship) I LOVE this almond milk!! It is the best, in my opinion. Only thing better is making your own. To your health!! :)",mixed,2,"[{""aspect"": ""price"", ""sentiment"": ""negative"", ""evidence"": ""Price: $19.00... Wtf? 6 for $34??? STOP! ... cheaper $31 if you auto-ship""}, {""aspect"": ""delivery"", ""sentiment"": ""negative"", ""evidence"": ""SHIPPING: $22.00!!!! (jeez! wtf?)""}, {""aspect"": ""taste"", ""sentiment"": ""positive"", ""evidence"": ""I LOVE this almond milk!! It is the best""}]",The almond milk tastes great but the price and shipping costs are excessive.,Consider lowering the price or offering cheaper shipping options.,success
B0000ZHZ30,3,I need to educate myself on more variety of uses for this product. I like it but don't use it much.,mixed,3,"[{""aspect"": ""other"", ""sentiment"": ""neutral"", ""evidence"": ""I like it but don't use it much""}]",Customer likes the product but rarely uses it due to limited knowledge of uses.,Provide more usage examples or tutorials to encourage broader use.,success
B000T3KTJA,4,"Tazo Tea is excellent - you most likely already know this before even reading this review. Tazo Chai Latte is no exception. My only issue is that I paid CoffeeAM for this item, listed as ""Tazo Chai Latte Concentrate"" and when it arrived, found that it is NOT actually Concentrate - it's just the normal Tazo Chai Latte. This changes the purchase in my mind dramatically - the cost per volume just went up. Please know before buying that the product is great, but it's not what's advertised, so factor that into the cost.",mixed,3,"[{""aspect"": ""price"", ""sentiment"": ""negative"", ""evidence"": ""cost per volume just went up""}, {""aspect"": ""quality"", ""sentiment"": ""positive"", ""evidence"": ""product is great""}]","The tea is excellent, but it was misrepresented, affecting perceived cost.",Ensure product listings accurately describe whether the item is a concentrate or regular tea.,success
B000CR1YOM,5,"Our dog is hardly a ""picky eater""....but he does show a marked preference for these organic peanut butter treats and they are difficult to find in our community. We are delighted to be able to get them for him from Amazon....and at a much better price than that which we were formerly paying!",positive,5,"[{""aspect"": ""price"", ""sentiment"": ""positive"", ""evidence"": ""much better price than that which we were formerly paying""}, {""aspect"": ""availability"", ""sentiment"": ""positive"", ""evidence"": ""they are difficult to find in our community... we are delighted to be able to get them for him from Amazon""}]",Customer loves the organic peanut butter treats and appreciates the better price and easy availability on Amazon.,none,success
B0014K91GY,3,I have tried a couple of different Kcup hot chocolates and have come to the conclusion that I prefer Swiss Miss with a cup of hot water from the brewer. Definitely watery.,mixed,2,"[{""aspect"": ""taste"", ""sentiment"": ""positive"", ""evidence"": ""prefer Swiss Miss""}, {""aspect"": ""texture"", ""sentiment"": ""negative"", ""evidence"": ""Definitely watery""}]",The drink is liked for its flavor but criticized for being watery.,Increase the product's thickness to reduce the watery texture.,success
B007RTR9FQ,3,"Pros: - Good scent - Rich texture - Easily foam-able Cons: - After a month or two I've started noticing some odd smell in my bathroom, I think this shampoo does not age well Neutral: - Can't say that my hair felt different comparing to other hair products, but then again that's very rare. Bottom line: Nice product as a refresher, but you'll probably won't stick with it.",mixed,3,"[{""aspect"": ""scent"", ""sentiment"": ""positive"", ""evidence"": ""Good scent""}, {""aspect"": ""texture"", ""sentiment"": ""positive"", ""evidence"": ""Rich texture""}, {""aspect"": ""performance"", ""sentiment"": ""positive"", ""evidence"": ""Easily foam-able""}, {""aspect"": ""other"", ""sentiment"": ""negative"", ""evidence"": ""odd smell in my bathroom""}]","The shampoo smells good and feels rich, but develops an odd odor over time.",Investigate and improve the product's shelf-life to prevent odor development.,success
B002865CGG,2,I am fond of each item in here but I came very close to tossing these after my first handful. Absolutely horrid; cheaper @ Costco if you must.,mixed,2,"[{""aspect"": ""price"", ""sentiment"": ""negative"", ""evidence"": ""cheaper @ Costco if you must""}, {""aspect"": ""quality"", ""sentiment"": ""negative"", ""evidence"": ""Absolutely horrid""}]",Customer likes the items overall but finds the quality horrid and price too high.,Review product quality and pricing to better match customer expectations.,success
B001EQ5RHA,3,"I just started taking this tea and I noticed that my digestive system worked well with this. I had a little bit of cramps, but it went away as soon as I went to the bathroom. I will try to keep for more a couple days, my goal is to lose 10 pounds. I'm also controlling my eating habits and exercising.",positive,4,"[{""aspect"": ""health"", ""sentiment"": ""positive"", ""evidence"": ""my digestive system worked well""}]","The tea improved digestion and relieved cramps, showing positive health effects.",none,success
B001J3ZUQ6,4,"Popcorn very good, I did not get all the kernels to pop. May have been my popper. Price was a little high for the amount of popcorn received.",mixed,3,"[{""aspect"": ""taste"", ""sentiment"": ""positive"", ""evidence"": ""Popcorn very good""}, {""aspect"": ""price"", ""sentiment"": ""negative"", ""evidence"": ""Price was a little high""}, {""aspect"": ""quality"", ""sentiment"": ""negative"", ""evidence"": ""did not get all the kernels to pop""}]",The popcorn tastes good but some kernels didn’t pop and the price feels high.,Review pricing and provide clearer popper usage guidance to improve pop rate.,success
B000EY1844,3,"I had high hopes for this product after reading some of the reviews - the flavor is good, the consistency is a little thin and the seeds seem excessive even for Raspberry Preserves. The jars are a nice shape and easy to hold. I'm not sorry I tried it but will not purchase again - I wanted something with GREAT flavor that is really worth the calories and this isn't it!",negative,2,"[{""aspect"": ""taste"", ""sentiment"": ""positive"", ""evidence"": ""flavor is good""}, {""aspect"": ""texture"", ""sentiment"": ""negative"", ""evidence"": ""consistency is a little thin""}, {""aspect"": ""ingredients"", ""sentiment"": ""negative"", ""evidence"": ""seeds seem excessive""}, {""aspect"": ""packaging"", ""sentiment"": ""positive"", ""evidence"": ""jars are a nice shape and easy to hold""}]","Flavor is decent but thin consistency, excess seeds, and poor value lead to dissatisfaction.",Reduce seed content and improve flavor intensity to meet customer expectations.,success
B002A3PQJ0,1,"I thought this a great way to grow basil in an all in one neat package. However, I followed the directions exactly. When I took the bag off and put in partial sun, the shoots went far far far up into the bag. Of course, because they want the light. At this time I tried to taper them off, but regardless....the plant died and won't grow. Just go to your local health food store and pick up an already healthy growing plant, save your time and money.",mixed,2,"[{""aspect"": ""packaging"", ""sentiment"": ""positive"", ""evidence"": ""great way to grow basil in an all in one neat package""}, {""aspect"": ""performance"", ""sentiment"": ""negative"", ""evidence"": ""the shoots went far far far up into the bag...the plant died and won't grow""}]",The kit looked promising but the plants failed to grow and died.,Improve the growing instructions or seed quality to ensure successful plant growth.,success
B00474QXQA,4,"I purchased these for my brother so I cannot say what it is like to live with this coffee day in and day out. During a few visits with him, he offered me some and found it to be a pleasing brew: medium-body, not bitter, medium dark liquor. It is a bit on the pricy side for me (~ $0.66 per K-Cup).",mixed,3,"[{""aspect"": ""taste"", ""sentiment"": ""positive"", ""evidence"": ""pleasing brew: medium-body, not bitter, medium dark liquor""}, {""aspect"": ""price"", ""sentiment"": ""negative"", ""evidence"": ""bit on the pricy side""}]",The coffee tastes good but is considered pricey.,Review pricing strategy to improve perceived value.,success
B000KKQNJM,4,"This kit made a nice gingerbread house with everything included. It's not too hard to make something as nice as what you see on the picture. The snowmen and Christmas tree were a little tricky to stand up in the frontyard, but we got it to work eventually. As another reviewer mentioned, the shipping does add over 50% to the cost, so watch out for that before you buy.",mixed,4,"[{""aspect"": ""ease_of_use"", ""sentiment"": ""positive"", ""evidence"": ""not too hard to make something as nice as what you see on the picture""}, {""aspect"": ""price"", ""sentiment"": ""negative"", ""evidence"": ""shipping does add over 50% to the cost""}]","The kit is easy to assemble and looks great, but shipping significantly raises the cost.",Consider offering lower‑cost or free shipping options to reduce the price impact.,success
B000E5DKLM,3,"This is ok and good when you are short on time. Add some bread to make it a more filling meal. It's a bit spicy, but not over the top. For context: I prefer the ""mild"" salsa and find ""hot"" way too much. Judge your own preference. It has 510 mg/sodium per serving and one bag is two servings. Something to keep in mind. Cut back on salt the rest of the day if you plan to eat a package of this for lunch or dinner. The brand's spinach paneer dish is better.",mixed,3,"[{""aspect"": ""ease_of_use"", ""sentiment"": ""positive"", ""evidence"": ""This is ok and good when you are short on time""}, {""aspect"": ""taste"", ""sentiment"": ""neutral"", ""evidence"": ""It's a bit spicy, but not over the top""}, {""aspect"": ""health"", ""sentiment"": ""negative"", ""evidence"": ""It has 510 mg/sodium per serving""}]","Convenient but salty and only mildly spicy, with other brand preferred.",Consider reducing sodium content in the product.,success
B0015VTGEO,4,"I bought this to try out as part of a daily regimen to try to boost my general health and give me some energy in the morning for work. It worked out pretty well, however this only comes in a 12 pack and for the price, its not really worth it. Also I kind of wished that they came in a larger pack than 12. The packaging was easy to deal with, I had two day shipping which was also nice. Other than the number of bottles per box, I have no complaints.",mixed,3,"[{""aspect"": ""price"", ""sentiment"": ""negative"", ""evidence"": ""for the price, its not really worth it""}, {""aspect"": ""quantity"", ""sentiment"": ""negative"", ""evidence"": ""only comes in a 12 pack... wished that they came in a larger pack""}, {""aspect"": ""packaging"", ""sentiment"": ""positive"", ""evidence"": ""packaging was easy to deal with""}, {""aspect"": ""delivery"", ""sentiment"": ""positive"", ""evidence"": ""two day shipping which was also nice""}]",Product works well but is pricey and limited to a small 12‑pack.,Offer larger pack sizes or adjust pricing to improve value.,success
B000EOWXUM,4,"Everyone is right about this being a good tasting prepared product. I had this and another Lipton product shipped though and in both cases when you open your box rice will spill out on the floor. These are paper packages that just don't travel well. Keep that in mind, and maybe, shop this on special in your local supermarket.",mixed,3,"[{""aspect"": ""taste"", ""sentiment"": ""positive"", ""evidence"": ""good tasting""}, {""aspect"": ""packaging"", ""sentiment"": ""negative"", ""evidence"": ""paper packages that just don't travel well""}]",The product tastes good but its packaging leaks during shipping.,Improve packaging to prevent rice spilling out during transport.,success
B004OQ257C,2,"I used to use Splenda a lot, from some packages to large bags. I've gone over to Truvia for the taste, maybe a personal preference, but I'm allowed that. What I really can't see is how adding a little vitamin E and C to the mix results in almost twice the price as the regular product, and far far more than just buying bulk product and popping a vitamin a day, which will also give you 100+% of your daily antioxidant recommendation as opposed to 5 packets of this. Sorry, I'm not falling for it.",mixed,2,"[{""aspect"": ""taste"", ""sentiment"": ""positive"", ""evidence"": ""went over to Truvia for the taste""}, {""aspect"": ""price"", ""sentiment"": ""negative"", ""evidence"": ""adding a little vitamin E and C ... results in almost twice the price""}, {""aspect"": ""health"", ""sentiment"": ""negative"", ""evidence"": ""100+% of your daily antioxidant recommendation as opposed to 5 packets of this""}]",The reviewer likes Truvia's taste but dislikes its high price for added vitamins.,Reevaluate pricing strategy for vitamin‑enhanced product to better match perceived value.,success
B000H2264Y,5,"I adore this seasoning. Why on earth has it disppeared from the grocery stores? I was excited to see it on Amazon. Twelve cans was a bit much, but I HAD to have this stuff so I'll just store it .. somewhere. I use it on meat, chicken, fish, eggs, veggies, popcorn.. I use this instead of salt and pepper.",mixed,4,"[{""aspect"": ""taste"", ""sentiment"": ""positive"", ""evidence"": ""I adore this seasoning""}, {""aspect"": ""availability"", ""sentiment"": ""negative"", ""evidence"": ""Why on earth has it disappeared from the grocery stores?""}, {""aspect"": ""quantity"", ""sentiment"": ""negative"", ""evidence"": ""Twelve cans was a bit much""}]",Customer loves the seasoning but is frustrated it’s unavailable and bought too many cans.,Improve product availability in grocery stores and consider offering smaller package sizes.,success
B0080LMFY0,2,"This sauce kind of has a weird unappetizing smell. It smelled bad while it was cooking. I was able to eat the chicken I made only by masking the taste of the sauce with a lot of basmati rice. Maybe the smell is just something I don't like, but I would not buy this product again. The texture of the sauce was fine however.",negative,2,"[{""aspect"": ""scent"", ""sentiment"": ""negative"", ""evidence"": ""weird unappetizing smell... smelled bad""}, {""aspect"": ""taste"", ""sentiment"": ""negative"", ""evidence"": ""masking the taste of the sauce with a lot of basmati rice""}, {""aspect"": ""texture"", ""sentiment"": ""positive"", ""evidence"": ""The texture of the sauce was fine""}]","The sauce has an off smell and poor taste, though its texture is acceptable.",Improve the sauce's aroma and flavor to make it more appealing.,success
B004YK8P1I,5,"Sometimes in the evening after dinner I crave something like chocolate or ice cream, but may not want to actually eat some. That's where Cafix comes in. I make it strong, add some half and half (and lately a slight bit of sweetner), and it satisfies the craving. I think this is a delicious drink, much better than others I've tasted in it's class.",positive,4,"[{""aspect"": ""taste"", ""sentiment"": ""positive"", ""evidence"": ""delicious drink, much better than others""}]",The drink satisfies cravings and tastes better than similar options.,none,success
B000E6728S,1,"I read all the nice reviews here before i made the purchase. But it is really not my 'cup of tea'. All the nice descriptions could not help. It tastes like medicine. On top of that, of course it is not returnable. I am going to see whether my colleague would enjoy them. I am happy as long as I do not have to drink it myself.",mixed,2,"[{""aspect"": ""taste"", ""sentiment"": ""negative"", ""evidence"": ""tastes like medicine""}, {""aspect"": ""other"", ""sentiment"": ""negative"", ""evidence"": ""it is not returnable""}]","The product tastes medicinal and is non‑returnable, but the reviewer is relieved not to drink it themselves.",Clarify return policy and consider improving flavor to match expectations.,success
B001E530J8,4,"I've been on an Amazon subscription for Yuban coffee for a long time now, and I always know I can count on getting a satisfying, full-bodied, rich cup of coffee. The bonus is that I can get it for a reasonable price, as well.",positive,5,"[{""aspect"": ""taste"", ""sentiment"": ""positive"", ""evidence"": ""satisfying, full-bodied, rich cup of coffee""}, {""aspect"": ""price"", ""sentiment"": ""positive"", ""evidence"": ""reasonable price""}]",The coffee consistently delivers a rich taste and good value.,none,success
B001EO76YE,1,"This was quite disappointing. After cooking for precisely the amount of time recommended, trying to eat the pasta was like trying to eat rubber. Don't waste your time or money.",negative,1,"[{""aspect"": ""texture"", ""sentiment"": ""negative"", ""evidence"": ""like trying to eat rubber""}]",The pasta was rubbery and disappointing despite following cooking instructions.,Improve the product's texture to avoid a rubbery consistency.,success
B007RTR8UM,2,"I've tried several items in the CLEAR line and I think I'm done with them. The scent is ok, if cheap smelling. Some product lines make members of my household sneeze, but CLEAR was fine for all of them. The problem is the heavy feeling it leaves in your hair. Hair feels like it has product in it and is limp instead of loose and lightweight. This product is probably better for thicker or drier hair types. Mine tends to split easily and I haven't noticed any change after several weeks of product use.",mixed,2,"[{""aspect"": ""scent"", ""sentiment"": ""neutral"", ""evidence"": ""The scent is ok, if cheap smelling""}, {""aspect"": ""performance"", ""sentiment"": ""negative"", ""evidence"": ""The heavy feeling it leaves in your hair... hair feels limp instead of loose and lightweight""}]","The product smells okay but feels heavy and makes hair limp, offering little improvement.",Adjust the formula to reduce heaviness and improve lightweight feel for finer hair types.,success
B002JWLZOM,3,"I would order this every month if the price wasn't so unreasonable. For now, this will be a one time thing.",mixed,2,"[{""aspect"": ""price"", ""sentiment"": ""negative"", ""evidence"": ""price wasn't so unreasonable""}]","Would order monthly if the price were reasonable, but finds it too high.",Review pricing strategy to make the product more affordable.,success
B000JSQ3CC,1,They sent me this package on 10/24/12 which has an expiry date of 11/2012. I would not have bought if it was from a store.,negative,1,"[{""aspect"": ""freshness"", ""sentiment"": ""negative"", ""evidence"": ""expiry date of 11/2012""}]","The product arrived expired, making it unsatisfactory.",Improve inventory checks to ensure products are not shipped past their expiry dates.,success
B007JT7AIA,5,"This 2 in 1 shampoo with conditioner is amazing at reducing dandruff. I liked that it was also very good at reducing itching, which is particularly helpful for those like me with sensitive, itchy skin. It has a very neutral smell and lathers very easily. As wonderful as the product was, it's also very affordable and much cheaper than the numerous inferior dandruff control shampoos out there. I highly enjoyed this shampoo and highly recommend it to all men who suffer from dandruff and/or an itchy scalp.",positive,5,"[{""aspect"": ""performance"", ""sentiment"": ""positive"", ""evidence"": ""amazing at reducing dandruff""}, {""aspect"": ""health"", ""sentiment"": ""positive"", ""evidence"": ""very good at reducing itching""}, {""aspect"": ""scent"", ""sentiment"": ""neutral"", ""evidence"": ""very neutral smell""}, {""aspect"": ""ease_of_use"", ""sentiment"": ""positive"", ""evidence"": ""lathers very easily""}, {""aspect"": ""price"", ""sentiment"": ""positive"", ""evidence"": ""very affordable and much cheaper""}]","The shampoo effectively reduces dandruff and itching, smells neutral, lathers easily, and is affordable.",none,success
B000W5SLEU,1,this dog food is dangerous after being on it for 1 1/2 months all three of my dogs showed dangerous high levels for their livers. After being taken off for 2 1/2 weeks all went back to normal. This food can kill your dog be careful.,negative,1,"[{""aspect"": ""health"", ""sentiment"": ""negative"", ""evidence"": ""dangerous high levels for their livers""}]",The dog food caused dangerous liver issues in the dogs.,Investigate and improve the formula to ensure it is safe for dogs' liver health.,success
B005WW0CPY,3,"I'm not sure what to make of this jerky. It's incredibly sweet, and upsets my stomach a little bit. A little cloying I suppose. I feel like it could use more pepper to help cut through that a bit. Not as good as the sweet n spicy flavor that buffalo bill's also offers.",negative,2,"[{""aspect"": ""taste"", ""sentiment"": ""negative"", ""evidence"": ""incredibly sweet, a little cloying""}, {""aspect"": ""health"", ""sentiment"": ""negative"", ""evidence"": ""upsets my stomach a little bit""}]","The jerky is overly sweet, cloying, and causes stomach discomfort.",Reduce sweetness and add more pepper to balance flavor.,success
B000CFHFLU,5,This is exactly what I have been searching for and finally found it on Amazon.,positive,5,[],The customer is delighted to have finally found the product they were looking for on Amazon.,none,success
B000P055HI,4,"All my family love these ones because they are super good,great tasting,great price and is Chef-boy-ar-dee,really yummi.",positive,5,"[{""aspect"": ""taste"", ""sentiment"": ""positive"", ""evidence"": ""great tasting""}, {""aspect"": ""price"", ""sentiment"": ""positive"", ""evidence"": ""great price""}, {""aspect"": ""quality"", ""sentiment"": ""positive"", ""evidence"": ""super good""}]","Customers love the product for its great taste, good quality, and affordable price.",none,success
B0061IUKDM,4,"While I am not a tea expert, I have tried a number of different green teas at the office over the years and found most of them the same. Most most of them have been rather ho-hum. Something I drink to feel better but not necessarily tasty. This one stands apart, and is pleasant to drink. With the colder weather coming I suspect I will be enjoying it more. This green tea also stands up fine to a bit of ice to drink cold, not something I can say about any of the other green teas I have tried, mostly because I wouldn't have even considered it with them. I am going to have to get some more, soon.",positive,4,"[{""aspect"": ""taste"", ""sentiment"": ""positive"", ""evidence"": ""pleasant to drink""}, {""aspect"": ""other"", ""sentiment"": ""positive"", ""evidence"": ""stands up fine to a bit of ice to drink cold""}]","The green tea is pleasantly tasty and works well cold, standing out from other teas.",none,success
B008EG58V8,5,"I love this cereal! I was looking forward to trying it since I like the other varieties of Oatmeal Squares. The Cinnamon has the same great texture and crunch. I thought maybe the cinnamon flavor might be too strong and overpowering, but it's not. It's just right! It is great in a bowl with milk or by the handful right out of the box for a quick snack. Quaker has another winner! I will be buying this again.",positive,5,"[{""aspect"": ""texture"", ""sentiment"": ""positive"", ""evidence"": ""great texture and crunch""}, {""aspect"": ""taste"", ""sentiment"": ""positive"", ""evidence"": ""cinnamon flavor ... just right""}, {""aspect"": ""ease_of_use"", ""sentiment"": ""positive"", ""evidence"": ""great in a bowl with milk or by the handful""}]","The cereal has excellent texture, balanced cinnamon taste, and is convenient to eat.",none,success
B003WLZX5G,2,"I was disappointed to recieve the product in a baggie with no label, no shipping papers, nothing! I don't know how old the tumeic is and it could be tainted with something else. The picture even shows it in a container! Would not recomend this company, so what if it's a cheap price! You get what you pay for , I suppose. Now I have to throw it away; Such a waste!",negative,1,"[{""aspect"": ""packaging"", ""sentiment"": ""negative"", ""evidence"": ""product in a baggie with no label, no shipping papers""}, {""aspect"": ""price"", ""sentiment"": ""negative"", ""evidence"": ""cheap price""}, {""aspect"": ""quality"", ""sentiment"": ""negative"", ""evidence"": ""could be tainted with something else""}]","The product arrived unlabeled, possibly contaminated, and cheap, leading to disappointment.",Improve packaging with proper labeling and ensure product quality control.,success
B000F0JOVG,2,"My husband has gluten sensitivity, so we've tried several gluten-free pastas. This one does not hold together, even with the minimum cook time, and it turns into smaller bits, making my pot of spaghetti runny and not noodly enough. I won't buy it again.",negative,2,"[{""aspect"": ""texture"", ""sentiment"": ""negative"", ""evidence"": ""does not hold together, ... turns into smaller bits""}]","The pasta falls apart and makes the dish watery, so the reviewer will not repurchase.",Improve the pasta's texture to hold together during cooking.,success
B00284TPUC,3,"I purchased a box of the International Delight Hazelnut Liquid Creamers (288-count) a few weeks ago. Although the product was great, we were disappointed again in the number of single-serving cups that were damaged and opened evidently in shipping. It looked as if the product has possibly frozen and exploded. Several cups needed to be thrown away and we had to wash the remaining cups and carefully check them to be sure they were not opened. This is the second time this has happened. I wonder what could be done.",mixed,3,"[{""aspect"": ""quality"", ""sentiment"": ""positive"", ""evidence"": ""product was great""}, {""aspect"": ""delivery"", ""sentiment"": ""negative"", ""evidence"": ""single-serving cups that were damaged and opened evidently in shipping""}]","The creamer quality is good, but shipping damage is a recurring problem.",Improve packaging and handling to prevent cups from breaking during transit.,success
B001Z7CC9O,2,It takes three packs of truvia to achieve sweetness of 1 pack of splenda or sweet n low in my tea.And it is expensive too.,negative,2,"[{""aspect"": ""taste"", ""sentiment"": ""negative"", ""evidence"": ""takes three packs of truvia to achieve sweetness of 1 pack of splenda""}, {""aspect"": ""price"", ""sentiment"": ""negative"", ""evidence"": ""it is expensive too""}]",The product is too weakly sweet and overpriced.,Improve sweetness potency or adjust pricing to match competitor value.,success
B0002YX8QC,4,"Great item. All you need is sun. Too bad it uses a 4 volt battery, which is difficult and expensive to replace. Expect to replace the unit, not the battery every 4 years. A poor source voltage choice.",mixed,3,"[{""aspect"": ""price"", ""sentiment"": ""negative"", ""evidence"": ""expensive to replace""}, {""aspect"": ""performance"", ""sentiment"": ""negative"", ""evidence"": ""poor source voltage choice""}]",The item works well but the 4 V battery is costly and poorly chosen.,"Consider redesigning the product to use a more readily replaceable, lower‑cost battery.",success
B001BM3C0Q,2,"These were not good at all... too spicy. Too ""limey""... the crunch factor was really awful... felt like my teeth were going to break. (Love the name... the chips were AWFUL!) Wound up throwing the bag away.",negative,1,"[{""aspect"": ""taste"", ""sentiment"": ""negative"", ""evidence"": ""too spicy. Too \""limey\""""}, {""aspect"": ""texture"", ""sentiment"": ""negative"", ""evidence"": ""crunch factor was really awful... felt like my teeth were going to break""}]","The chips were overly spicy, limey, and had a terrible crunch, leading to a completely unsatisfying experience.",Improve seasoning balance and adjust chip texture to reduce excessive crunch.,success
B0007WTAB6,3,I like the frosting but it just tastes like someone not mixing peanut butter and chocolate that well. I would prefer just separate peanut butter or Reese's peanut buttter cups and chocolate on a cake.,mixed,3,"[{""aspect"": ""taste"", ""sentiment"": ""negative"", ""evidence"": ""tastes like someone not mixing peanut butter and chocolate that well""}]",Likes the frosting but dislikes the poorly mixed peanut butter chocolate taste.,Improve the mixing of peanut butter and chocolate in the frosting to achieve a smoother flavor.,success
B004Z4HUXM,5,I BUY THESE FOR MY DAUGHTER SHE LOVES THEM AS FOR MYSELF I CAN TAKE OR LEAVE THEM MOST OF THE TIME I WOULD LEAVE THEM.,mixed,3,[],"Daughter loves the product, but the reviewer is indifferent and often leaves it unused.",none,success
B001LGGH54,4,"I had tried the berry/kiwi before and it was ok but I prefer this watermelon strawberry version. It's sparkly and refreshing, but at 140 calories for that little can, it's not something to be abused.",mixed,4,"[{""aspect"": ""taste"", ""sentiment"": ""positive"", ""evidence"": ""sparkly and refreshing""}, {""aspect"": ""health"", ""sentiment"": ""negative"", ""evidence"": ""140 calories for that little can""}]",Prefers the watermelon strawberry version for its refreshing taste but worries about its high calorie count.,Consider offering a lower‑calorie or larger‑size option to address calorie concerns.,success
B005HGAV0Q,1,"I just received my order and I am VERY DISAPPOINTED! This is going to be Christmas Present for my In-Laws to go with the Keurig Machine they asked for. Silly me, I assumed that ""Gift Pack+ Limited Edition Print"" meant something NICE for the holidays. I was WRONG! All the individual cups arrived thrown into a regualar brown cardboard box! That's going to look nice under the tree - NOT! I am glad that if my in-laws like this pkg that THEY will be the ones re-ordering, because it will definitely NOT be ME! Happy Holidays. MB",negative,1,"[{""aspect"": ""packaging"", ""sentiment"": ""negative"", ""evidence"": ""All the individual cups arrived thrown into a regular brown cardboard box""}]",Customer is disappointed that the gift pack arrived in plain cardboard packaging.,"Upgrade the gift pack presentation with festive, sturdy packaging for holiday orders.",success
B000EYRHL2,3,"This is a good tasting snack, but I should have read the reviews more carefully. It's called ""Cherry Berry"" but it should be called ""Apple Cherry Berry with more Apples and some Apples on top"". The apples are fine, but I expected more berries. Also, I don't know if this is an effect of shipping or what, but there's a lot of ""fruit dust"" in the bottom. Be careful if you tip the package up over your mouth (which you will do since your hand doesn't fit in the narrow package) because it's easy to inhale it.",mixed,3,"[{""aspect"": ""taste"", ""sentiment"": ""positive"", ""evidence"": ""good tasting snack""}, {""aspect"": ""packaging"", ""sentiment"": ""negative"", ""evidence"": ""hand doesn't fit in the narrow package... easy to inhale it""}, {""aspect"": ""ingredients"", ""sentiment"": ""negative"", ""evidence"": ""should be called \""Apple Cherry Berry with more Apples\""; I expected more berries""}]",The snack tastes good but packaging and ingredient mix disappoint.,Improve packaging to prevent fruit dust and adjust fruit proportions to match the product name.,success
B000H27J5K,5,We love this Chicken Chili easy to prepare - My husband has heart problems sometimes hard to find something with no salt that is good would recommend this to anyone,positive,5,"[{""aspect"": ""health"", ""sentiment"": ""positive"", ""evidence"": ""no salt that is good""}, {""aspect"": ""ease_of_use"", ""sentiment"": ""positive"", ""evidence"": ""easy to prepare""}]","The chicken chili is tasty, low‑salt, and easy to prepare, making it highly recommended.",none,success
B000FL521G,4,"This is definitely a great tasting Agave nectar. However, one teaspoon has 60 calories compared to 16 calories for pure granulated sugar. If you need a low Glycemic Index (GI) sweetener for health reasons, then this is a great choice. Otherwise, stick to good, old-fashioned sugar.",mixed,3,"[{""aspect"": ""taste"", ""sentiment"": ""positive"", ""evidence"": ""great tasting Agave nectar""}, {""aspect"": ""health"", ""sentiment"": ""negative"", ""evidence"": ""one teaspoon has 60 calories compared to 16 calories for pure granulated sugar""}]","The nectar tastes great but is high in calories, limiting its health appeal.",Emphasize the low‑GI benefit while clearly labeling the higher calorie content.,success
B000IHNCQO,5,"I have Celiac Disease and often need a tasty snack that contains protein and not a lot of calories. These crackers fit the need. I have purchased these crackers for approximately two years and never seem to grow tired of them. To me they have good cheese flavor, are crunchy and not full of transfats.",positive,5,"[{""aspect"": ""taste"", ""sentiment"": ""positive"", ""evidence"": ""good cheese flavor""}, {""aspect"": ""texture"", ""sentiment"": ""positive"", ""evidence"": ""crunchy""}, {""aspect"": ""health"", ""sentiment"": ""positive"", ""evidence"": ""not full of trans fats""}]","The crackers are tasty, crunchy, and healthy for a low‑calorie, protein snack.",none,success
B001NGASKC,3,"NOT what I think of as Cincinnati chili. Seasonings weren't as spicy (meaning allspice, cinnamon, etc.)as the Cincinnati chili I've had there & I didn't think the chocolate added anything. But, if I were to rate it as just chili, I'd give it 4 stars. I ended up adding chili powder, cumin & a can of chopped green chilies & it was good. I did serve it over spaghetti with raw chopped onions & shredded cheddar ""Cincinnati 5-way"" style.",mixed,4,"[{""aspect"": ""taste"", ""sentiment"": ""positive"", ""evidence"": ""it was good""}]","Chili lacked expected Cincinnati spices and chocolate, but tasted good after adding extra seasonings.",Adjust the recipe to include traditional Cincinnati chili spices and reconsider the chocolate addition.,success
B0009XSXZM,2,"This package contains about a dozen bull sticks, ranging from 12 inches to as short as 6 inches long. I have ordered those before and the length of previous orders is about 12 inches. This shipment contains more shorter sticks than longer one. I am disappointed at the shorter sticks as my dog is a large breed.",negative,2,"[{""aspect"": ""other"", ""sentiment"": ""negative"", ""evidence"": ""more shorter sticks than longer one""}]",Customer is disappointed because the package has too many short sticks for a large dog.,Adjust product packaging to include more longer sticks for large breed dogs.,success
B003QNJYXM,1,"Gave me such a caffeine overdose I had the shakes, a racing heart and an anxiety attack. Plus it tastes unbelievably bad. I'll stick with coffee, tea and soda, thanks.",negative,1,"[{""aspect"": ""taste"", ""sentiment"": ""negative"", ""evidence"": ""tastes unbelievably bad""}, {""aspect"": ""health"", ""sentiment"": ""negative"", ""evidence"": ""caffeine overdose I had the shakes, a racing heart and an anxiety attack""}]",The product gave a severe caffeine overdose and tasted awful.,Consider lowering caffeine content or adding clear warnings about strong effects.,success
B0041NYV8E,4,"They said you could control the taste by how much of the product you added to hot water. I used the whole thing. It was a very strong, pungent ginger/lemon taste. It tasted good but strong. I think this would be ideal mixed with honey when battling illness. It tasted potent. Someone might like to used this mixed with liquor for a hard lemonade. If you are looking for an herbal tea like drink, this ain't it.",mixed,3,"[{""aspect"": ""taste"", ""sentiment"": ""neutral"", ""evidence"": ""It was a very strong, pungent ginger/lemon taste. It tasted good but strong.""}, {""aspect"": ""health"", ""sentiment"": ""positive"", ""evidence"": ""I think this would be ideal mixed with honey when battling illness.""}]","The drink has a strong, pleasant taste but may not suit those seeking a mild herbal tea.",none,success
B001E52Z2G,2,"So, so bummed that they changed their formula. I couldn't figure out what was different, but they must have stopped honeyroasting the mix. Or changed the pretzel sticks they were using or something. It's too bland for me now. Boo! At first I thought it was the batch I bought, but after the third can I realize they've definitely changed something up. So sad. Won't be eating this for snack anymore. :(",negative,2,"[{""aspect"": ""taste"", ""sentiment"": ""negative"", ""evidence"": ""too bland for me now""}]","The product tastes bland after a formula change, disappointing the reviewer.",Consider reverting to the original honey-roasted formula or improve flavor.,success
B004V6A9SC,1,"I bought this elsewhere (locally) because it was on sale, and it was absolutely disgusting. It tastes and smells like vinegar and chemicals, not the creamy cheesy flavor I expect from a queso. I've never met a queso I didn't like until I made the mistake of wasting my money on this garbage. Avoid this product if you don't want to permanently damage your taste buds.",negative,1,"[{""aspect"": ""taste"", ""sentiment"": ""negative"", ""evidence"": ""tastes and smells like vinegar and chemicals, not the creamy cheesy flavor""}, {""aspect"": ""scent"", ""sentiment"": ""negative"", ""evidence"": ""smells like vinegar and chemicals""}]","The product tastes and smells terrible, far from the expected creamy cheesy queso.",Revise the recipe to eliminate vinegar-like and chemical flavors and odors.,success
B004NRW7TS,2,"What can I say, it tastes like fish. Like really fishy fish. Texture is OK, salty, but not overly salty, but it is what it is, fish eggs.",negative,2,"[{""aspect"": ""taste"", ""sentiment"": ""negative"", ""evidence"": ""tastes like fish. Like really fishy fish""}, {""aspect"": ""texture"", ""sentiment"": ""neutral"", ""evidence"": ""Texture is OK""}]","The product is overly fishy in taste, though the texture is acceptable.",Adjust the recipe to reduce the strong fish flavor.,success
B002HFWN38,2,"I almost hate to say it, but I really love this product. But Nestl&eacute; doesn't seem to care about what its customers want. They care more about the higher profit margin that is generated by the new 20-pack box. (Today's 20 cup of packets - $3.39, yesterday's canister used to get about 100 cups for $5.29 in my area. I guess this is the way of the corporate world these days - just look at AIG and other lending agencies. Nestl&eacute; - please bring back the canisters...",mixed,3,"[{""aspect"": ""price"", ""sentiment"": ""negative"", ""evidence"": ""$3.39... yesterday's canister used to get about 100 cups for $5.29""}, {""aspect"": ""quantity"", ""sentiment"": ""negative"", ""evidence"": ""20 cup of packets... yesterday's canister used to get about 100 cups""}, {""aspect"": ""packaging"", ""sentiment"": ""negative"", ""evidence"": ""new 20-pack box""}]","Loves the product but dislikes Nestlé's shift to smaller, pricier packaging.","Consider reintroducing larger, cost‑effective canisters to meet customer preferences.",success
B007OXJK3Y,5,"This coffee is fantastic for anyone who loves flavored coffee, esp chocolate. It's the best one I've had and I think I've tried them all!",positive,5,"[{""aspect"": ""taste"", ""sentiment"": ""positive"", ""evidence"": ""fantastic for anyone who loves flavored coffee, esp chocolate""}]","The coffee is praised as the best flavored, chocolate coffee the reviewer has tried.",none,success
B001QED7AY,5,"I have 2 very picky eater cats (2.5 y/o). Tried few different healthy dry foods, and this seemed to be their favorite - dove right into the bag, the second we opened it (never happened before, with any other food). A lot of times they choose it over the canned food - which they love! We also noticed that their coat got very glossy and silky. We get a lot of compliments :) Thanks Wilderness!",positive,5,"[{""aspect"": ""taste"", ""sentiment"": ""positive"", ""evidence"": ""their favorite - dove right into the bag""}, {""aspect"": ""health"", ""sentiment"": ""positive"", ""evidence"": ""their coat got very glossy and silky""}]",Cats love the food and it improves their coat health.,none,success
B004CZJIIE,1,This jerky tasted bland and like it was 10 years old. I tried to eat it but could'nt stomach it. I guess I'll leave it for emergencies. Even the dogs did'nt want it Darl Shipley,negative,1,"[{""aspect"": ""taste"", ""sentiment"": ""negative"", ""evidence"": ""tasted bland""}, {""aspect"": ""freshness"", ""sentiment"": ""negative"", ""evidence"": ""like it was 10 years old""}]","The jerky is bland and seems stale, making it inedible.",Improve flavor and ensure product freshness before sale.,success
B003XDH6M6,4,I really enjoy Newmans own products and this is no exception. Though I am not sure why they had this flavor instead of some of the others but it worked and was a tasty treat that really has that complex almost funky quality that pomegrante is known for.,positive,5,"[{""aspect"": ""taste"", ""sentiment"": ""positive"", ""evidence"": ""tasty treat that really has that complex almost funky quality""}]","The product is enjoyable with a tasty, complex flavor.",none,success
